{
  "name": "air-datepicker",
  "version": "2.2.3",
  "authors": [
    "t1m0n <t1m0n.tr@gmail.com>"
  ],
  "description": "A lightweight, customizable, powerful jQuery datepicker",
  "main": [
    "dist/js/datepicker.js",
    "dist/css/datepicker.css"
  ],
  "keywords": [
    "datepicker",
    "timepicker",
    "plugin",
    "customizable",
    "powerful"
  ],
  "license": "MIT",
  "ignore": [
    "**/.*",
    "node_modules",
    "bower_components",
    "tasks",
    "docs",
    "page",
    "package.json",
    "gulpfile.js",
    "test",
    "tests"
  ],
  "dependencies": {
    "jquery": ">=2.0.0 <4.0.0"
  },
  "homepage": "https://github.com/t1m0n/air-datepicker",
  "_release": "2.2.3",
  "_resolution": {
    "type": "version",
    "tag": "v2.2.3",
    "commit": "004188d9480e3711c08491d6bb988814314a2b13"
  },
  "_source": "https://github.com/t1m0n/air-datepicker.git",
  "_target": "v2.2.3",
  "_originalSource": "air-datepicker",
  "_direct": true
}