{
  "name": "bootstrap-modal",
  "description": "Extends the default Bootstrap Modal class. Responsive, stackable, ajax and more.",
  "version": "2.2.6",
  "main": [
    "js/bootstrap-modal.js",
    "js/bootstrap-modalmanager.js",
    "css/bootstrap-modal.css"
  ],
  "dependencies": {
    "bootstrap": "2.3.0"
  },
  "url": "https://github.com/jschr/bootstrap-modal.git",
  "author": "Jordan Schroter",
  "license": {
    "type": "Apache License 2.0",
    "url": "https://github.com/jschr/bootstrap-modal/blob/master/LICENSE"
  },
  "homepage": "https://github.com/jschr/bootstrap-modal",
  "_release": "2.2.6",
  "_resolution": {
    "type": "version",
    "tag": "2.2.6",
    "commit": "d0f498c453206373cac8c124e53d5cf967617a71"
  },
  "_source": "https://github.com/jschr/bootstrap-modal.git",
  "_target": "2.2.6",
  "_originalSource": "bootstrap-modal",
  "_direct": true
}